{
    "user_input": {
        "option_calc_type": "0",
        "option_method": "0",
        "temperature_air": "104.0",
        "speed_wind": "2",
        "angle_wind_to_cond": "90",
        "option_atm": "1",
        "radiation_spec": ".0001",
        "date_solar": "2021-03-02",
        "day_of_year": "61",
        "suntime": "11",
        "altitude": "49.434",
        "solar_azimuth_constant": "180",
        "wire_desc": "1431.0 kcmil 45/7 ACSR \"Bobolink/AW\" - Data herein is to be considered confidential and proprietary to Southwire and is for the use in association with Southwire products only.",
        "azimuth": "156.784",
        "high_temp_ac_resistance": "75.0",
        "low_temp_ac_resistance": "25.0",
        "ac_resistance_at_high_temp": "0.139",
        "ac_resistance_at_low_temp": "0.1172",
        "absorp_per_wire": "0.5",
        "emmiss_per_wire": "0.5",
        "wire_dia": "1.108",
        "heat_capacity_outer": "312.8",
        "heat_capacity_core": "32",
        "is_bimetal": "True",
        "latitude": "30",
        "elevation": "0"
    },
	"url_home": "josephdong.azurewebsites.net",
    "analysis_results": {
        "current": "1000",
        "temperature_cond": "200.34",
        "cooling_convective": "22.314",
        "cooling_radiative": "10.335",
        "heating_solar": "4.789",
        "global_solar_radiation": "67.071",
        "absorp_applied": "0.8",
        "emmiss_applied": "0.8",
        "errors": []
    },
    "curve_data": [
        [
            0,
            119.017
        ],
        [
            5,
            119.019
        ],
        [
            10,
            119.025
        ],
        [
            15,
            119.034
        ],
        [
            20,
            119.048
        ],
        [
            25,
            119.064
        ],
        [
            30,
            119.084
        ],
        [
            35,
            119.109
        ],
        [
            40,
            119.136
        ],
        [
            45,
            119.169
        ],
        [
            50,
            119.205
        ],
        [
            55,
            119.244
        ],
        [
            60,
            119.287
        ],
        [
            65,
            119.334
        ],
        [
            70,
            119.385
        ],
        [
            75,
            119.439
        ],
        [
            80,
            119.496
        ],
        [
            85,
            119.559
        ],
        [
            90,
            119.624
        ],
        [
            95,
            119.694
        ],
        [
            100,
            119.766
        ],
        [
            105,
            119.844
        ],
        [
            110,
            119.925
        ],
        [
            115,
            120.009
        ],
        [
            120,
            120.097
        ],
        [
            125,
            120.189
        ],
        [
            130,
            120.285
        ],
        [
            135,
            120.384
        ],
        [
            140,
            120.488
        ],
        [
            145,
            120.594
        ],
        [
            150,
            120.706
        ],
        [
            155,
            120.819
        ],
        [
            160,
            120.938
        ],
        [
            165,
            121.06
        ],
        [
            170,
            121.186
        ],
        [
            175,
            121.316
        ],
        [
            180,
            121.451
        ],
        [
            185,
            121.588
        ],
        [
            190,
            121.73
        ],
        [
            195,
            121.874
        ],
        [
            200,
            122.023
        ],
        [
            205,
            122.176
        ],
        [
            210,
            122.333
        ],
        [
            215,
            122.493
        ],
        [
            220,
            122.657
        ],
        [
            225,
            122.824
        ],
        [
            230,
            122.997
        ],
        [
            235,
            123.174
        ],
        [
            240,
            123.352
        ],
        [
            245,
            123.535
        ],
        [
            250,
            123.724
        ],
        [
            255,
            123.915
        ],
        [
            260,
            124.11
        ],
        [
            265,
            124.309
        ],
        [
            270,
            124.511
        ],
        [
            275,
            124.718
        ],
        [
            280,
            124.929
        ],
        [
            285,
            125.145
        ],
        [
            290,
            125.362
        ],
        [
            295,
            125.584
        ],
        [
            300,
            125.811
        ],
        [
            305,
            126.041
        ],
        [
            310,
            126.275
        ],
        [
            315,
            126.513
        ],
        [
            320,
            126.756
        ],
        [
            325,
            127.002
        ],
        [
            330,
            127.251
        ],
        [
            335,
            127.506
        ],
        [
            340,
            127.764
        ],
        [
            345,
            128.025
        ],
        [
            350,
            128.291
        ],
        [
            355,
            128.561
        ],
        [
            360,
            128.835
        ],
        [
            365,
            129.112
        ],
        [
            370,
            129.394
        ],
        [
            375,
            129.681
        ],
        [
            380,
            129.97
        ],
        [
            385,
            130.264
        ],
        [
            390,
            130.563
        ],
        [
            395,
            130.863
        ],
        [
            400,
            131.169
        ],
        [
            405,
            131.481
        ],
        [
            410,
            131.794
        ],
        [
            415,
            132.112
        ],
        [
            420,
            132.435
        ],
        [
            425,
            132.76
        ],
        [
            430,
            133.092
        ],
        [
            435,
            133.426
        ],
        [
            440,
            133.765
        ],
        [
            445,
            134.109
        ],
        [
            450,
            134.456
        ],
        [
            455,
            134.807
        ],
        [
            460,
            135.162
        ],
        [
            465,
            135.522
        ],
        [
            470,
            135.885
        ],
        [
            475,
            136.252
        ],
        [
            480,
            136.625
        ],
        [
            485,
            137.001
        ],
        [
            490,
            137.381
        ],
        [
            495,
            137.766
        ],
        [
            500,
            138.155
        ],
        [
            505,
            138.549
        ],
        [
            510,
            138.947
        ],
        [
            515,
            139.348
        ],
        [
            520,
            139.753
        ],
        [
            525,
            140.164
        ],
        [
            530,
            140.578
        ],
        [
            535,
            140.997
        ],
        [
            540,
            141.42
        ],
        [
            545,
            141.849
        ],
        [
            550,
            142.281
        ],
        [
            555,
            142.716
        ],
        [
            560,
            143.157
        ],
        [
            565,
            143.602
        ],
        [
            570,
            144.05
        ],
        [
            575,
            144.504
        ],
        [
            580,
            144.963
        ],
        [
            585,
            145.425
        ],
        [
            590,
            145.891
        ],
        [
            595,
            146.363
        ],
        [
            600,
            146.838
        ],
        [
            605,
            147.319
        ],
        [
            610,
            147.803
        ],
        [
            615,
            148.293
        ],
        [
            620,
            148.786
        ],
        [
            625,
            149.283
        ],
        [
            630,
            149.787
        ],
        [
            635,
            150.292
        ],
        [
            640,
            150.804
        ],
        [
            645,
            151.32
        ],
        [
            650,
            151.84
        ],
        [
            655,
            152.366
        ],
        [
            660,
            152.897
        ],
        [
            665,
            153.43
        ],
        [
            670,
            153.97
        ],
        [
            675,
            154.513
        ],
        [
            680,
            155.061
        ],
        [
            685,
            155.615
        ],
        [
            690,
            156.171
        ],
        [
            695,
            156.735
        ],
        [
            700,
            157.302
        ],
        [
            705,
            157.872
        ],
        [
            710,
            158.448
        ],
        [
            715,
            159.03
        ],
        [
            720,
            159.615
        ],
        [
            725,
            160.205
        ],
        [
            730,
            160.801
        ],
        [
            735,
            161.4
        ],
        [
            740,
            162.005
        ],
        [
            745,
            162.615
        ],
        [
            750,
            163.229
        ],
        [
            755,
            163.848
        ],
        [
            760,
            164.471
        ],
        [
            765,
            165.101
        ],
        [
            770,
            165.735
        ],
        [
            775,
            166.372
        ],
        [
            780,
            167.016
        ],
        [
            785,
            167.664
        ],
        [
            790,
            168.316
        ],
        [
            795,
            168.975
        ],
        [
            800,
            169.637
        ],
        [
            805,
            170.305
        ],
        [
            810,
            170.978
        ],
        [
            815,
            171.657
        ],
        [
            820,
            172.339
        ],
        [
            825,
            173.026
        ],
        [
            830,
            173.719
        ],
        [
            835,
            174.416
        ],
        [
            840,
            175.12
        ],
        [
            845,
            175.827
        ],
        [
            850,
            176.54
        ],
        [
            855,
            177.258
        ],
        [
            860,
            177.982
        ],
        [
            865,
            178.709
        ],
        [
            870,
            179.442
        ],
        [
            875,
            180.181
        ],
        [
            880,
            180.925
        ],
        [
            885,
            181.674
        ],
        [
            890,
            182.426
        ],
        [
            895,
            183.186
        ],
        [
            900,
            183.949
        ],
        [
            905,
            184.719
        ],
        [
            910,
            185.493
        ],
        [
            915,
            186.273
        ],
        [
            920,
            187.057
        ],
        [
            925,
            187.848
        ],
        [
            930,
            188.643
        ],
        [
            935,
            189.444
        ],
        [
            940,
            190.251
        ],
        [
            945,
            191.062
        ],
        [
            950,
            191.878
        ],
        [
            955,
            192.7
        ],
        [
            960,
            193.528
        ],
        [
            965,
            194.36
        ],
        [
            970,
            195.199
        ],
        [
            975,
            196.041
        ],
        [
            980,
            196.891
        ],
        [
            985,
            197.744
        ],
        [
            990,
            198.604
        ],
        [
            995,
            199.468
        ],
        [
            1000,
            200.34
        ]
    ]
}